Andrius,Andriukonis,A.Andriukonis@gmail.com,+37061111111111
Jonas,Jonaitis,J.Jonaitis@gmail.com,+37062222222222
Mykolas,Mykolaitis,M.Mykolaitis@gmail.com,+37063333333333

Juozas,Juozaitis,J.Juozaitis@gmail.com,+37064444444444
Mikas,Mikutavičius,M.Mikutavicius@gmail.com,+37065555555555
Aleksandras,Vyšniauskas,A.Vysniauskas@gmail.com,+37066666666666
Edvinas,Jakubauskas,E.Jakubauskas@gmail.com,+37067777777777
Nojus,Mateika,N.Mateika@gmail.com,+37068888888888
Edvinas,Vaškys,E.Vaskys@gmail.com,+37069999999999
Mantautė,Andriukaitienė,M.Andiukaitiene@gmail.com,+37060000000000
